{
  "reflex/__init__.pyi": "c69e4120c505941af8087b9c18df6121",
  "reflex/components/__init__.pyi": "ac05995852baa81062ba3d18fbc489fb",
  "reflex/components/base/__init__.pyi": "16e47bf19e0d62835a605baa3d039c5a",
  "reflex/components/base/app_wrap.pyi": "ae600e2cc9d70f2ce613bdd6c1da3b16",
  "reflex/components/base/body.pyi": "4a6aafea0bcd6304d778bf9f4e6f9380",
  "reflex/components/base/document.pyi": "12cd9945bbd54623f7184dbe1adc2e50",
  "reflex/components/base/error_boundary.pyi": "cb264905a4e8dd450f7a59c8ccee6280",
  "reflex/components/base/fragment.pyi": "bf9f8d708d32ae475e8b492f29a1b853",
  "reflex/components/base/link.pyi": "12b3fd940e4acf8ee6016dfb8da34879",
  "reflex/components/base/meta.pyi": "0445c66fbc32671c795640ef1a4827e9",
  "reflex/components/base/script.pyi": "43a0e21f257b10d2c76ed359284a9d80",
  "reflex/components/base/strict_mode.pyi": "d169c575d676c73edc6a3f593badfd1f",
  "reflex/components/core/__init__.pyi": "6419485660830fe0af9c9c5715a4ed03",
  "reflex/components/core/auto_scroll.pyi": "c628ed503c7bfcee0dd05cf48d5b763d",
  "reflex/components/core/banner.pyi": "407352aa1833b80b21d30647ec7717d8",
  "reflex/components/core/client_side_routing.pyi": "c3d38a1de89cfcd76735a1559e99ed05",
  "reflex/components/core/clipboard.pyi": "e149199393733fd7f469f08bb8dac381",
  "reflex/components/core/debounce.pyi": "36efa0d07b4c0aff40caec99d00c8c10",
  "reflex/components/core/helmet.pyi": "20afb0edbadb506d5cf374f153b3c6cf",
  "reflex/components/core/html.pyi": "faf9bb353ef4784e7f17ac97c93ef697",
  "reflex/components/core/sticky.pyi": "cdf17e6cd287e7300acd25669701d117",
  "reflex/components/core/upload.pyi": "f9be9b74d97d841b53b963d8704d5809",
  "reflex/components/datadisplay/__init__.pyi": "52755871369acbfd3a96b46b9a11d32e",
  "reflex/components/datadisplay/code.pyi": "3787ca724cae7b29d57ea03f981b8c22",
  "reflex/components/datadisplay/dataeditor.pyi": "23f777b8a46eff2afd95035dd5fc51a7",
  "reflex/components/datadisplay/shiki_code_block.pyi": "0bf1ed97bcc4159df150d56d92d78945",
  "reflex/components/el/__init__.pyi": "8943a76f52fb5ed6a1c04b7cd31976f9",
  "reflex/components/el/element.pyi": "7faa2cda13a04870d6c1cbfb4b3a2a0a",
  "reflex/components/el/elements/__init__.pyi": "5042206599bd3483a6b7a8f922f7c1f2",
  "reflex/components/el/elements/base.pyi": "3fde62b5c749a40c43d1a4f0d0dccda4",
  "reflex/components/el/elements/forms.pyi": "b7db5e64a2d0ee1a7ecf72cac927587a",
  "reflex/components/el/elements/inline.pyi": "027f051369a253446365e77a4d621013",
  "reflex/components/el/elements/media.pyi": "57bf44d696132478da377dd8d78807e2",
  "reflex/components/el/elements/metadata.pyi": "23ad6217eb96f622b33a1f550c510cd5",
  "reflex/components/el/elements/other.pyi": "a858fd00a82f5273ee5f8a5f8b50a090",
  "reflex/components/el/elements/scripts.pyi": "d38ffd5cc01d62979f9788b9c478f82d",
  "reflex/components/el/elements/sectioning.pyi": "11deb805947a6b7ec88c409c362273c5",
  "reflex/components/el/elements/tables.pyi": "e5573a4a8c9cb13d8169a596b6699b31",
  "reflex/components/el/elements/typography.pyi": "dc4e234a7a58be0a9c2c6036a52f9b59",
  "reflex/components/gridjs/datatable.pyi": "5c19d2b5788a8520d43a4d6dcc247705",
  "reflex/components/lucide/icon.pyi": "e48c9fa2fe6308d366634b6a5157bf3a",
  "reflex/components/markdown/markdown.pyi": "a569dd6a60d67baebfc4d04cddf85020",
  "reflex/components/moment/moment.pyi": "4ca29ae9cae720eb5c4955682e4cb7df",
  "reflex/components/plotly/plotly.pyi": "1de86aa6881e59d4053206e62e3039c3",
  "reflex/components/radix/__init__.pyi": "5d8e3579912473e563676bfc71f29191",
  "reflex/components/radix/primitives/__init__.pyi": "68fcf93acb9a40d94561d375a3a5fdb1",
  "reflex/components/radix/primitives/accordion.pyi": "126758bb92f4d06853ea5a73cc193c77",
  "reflex/components/radix/primitives/base.pyi": "bde318c8eb87aa3f63bd827493675da3",
  "reflex/components/radix/primitives/drawer.pyi": "5ef31326d1f76956fd8eaafbc661f1a2",
  "reflex/components/radix/primitives/form.pyi": "2461e70c7a114381bb7d1f609747cbeb",
  "reflex/components/radix/primitives/progress.pyi": "da8ac90b79c3d4473a5dbf42347da437",
  "reflex/components/radix/primitives/slider.pyi": "6dd3197c7d8e4af0a7de3e34ff940597",
  "reflex/components/radix/themes/__init__.pyi": "582b4a7ead62b2ae8605e17fa084c063",
  "reflex/components/radix/themes/base.pyi": "82885483a3aa7cc88d19b33d596d140a",
  "reflex/components/radix/themes/color_mode.pyi": "889d9f492136a4600da3a79b9a3c5cc4",
  "reflex/components/radix/themes/components/__init__.pyi": "efa279ee05479d7bb8a64d49da808d03",
  "reflex/components/radix/themes/components/alert_dialog.pyi": "ccff6da776d85e93199982c59c412a6d",
  "reflex/components/radix/themes/components/aspect_ratio.pyi": "b11efdce4c5954f6cbd2ba6f3b1b544c",
  "reflex/components/radix/themes/components/avatar.pyi": "c6401c5525b3b7aa2ab5dafb7d306bb7",
  "reflex/components/radix/themes/components/badge.pyi": "db96880626c1bede93230c93c4fe3426",
  "reflex/components/radix/themes/components/button.pyi": "8baae755862aa9aaa37925ab12893a70",
  "reflex/components/radix/themes/components/callout.pyi": "1beb82bf040cdabc001f7f067a7dbd10",
  "reflex/components/radix/themes/components/card.pyi": "5390b8eabaca76d395c7bf7fed023af5",
  "reflex/components/radix/themes/components/checkbox.pyi": "46f8c7cd3c89eeee64d66d246f050734",
  "reflex/components/radix/themes/components/checkbox_cards.pyi": "759d22ba19fb3bfdbbad863b11c59906",
  "reflex/components/radix/themes/components/checkbox_group.pyi": "be645d55c653b9ce6773a9897ea764f9",
  "reflex/components/radix/themes/components/context_menu.pyi": "f3fd5397b5f80511c1bf0f5a81a8b653",
  "reflex/components/radix/themes/components/data_list.pyi": "695518a80633946ac03d1d9bb53d2294",
  "reflex/components/radix/themes/components/dialog.pyi": "197933099ffa7d49bffdf389c70e6ba3",
  "reflex/components/radix/themes/components/dropdown_menu.pyi": "2c304bbf3f234aae38bcdf023ee436f5",
  "reflex/components/radix/themes/components/hover_card.pyi": "7e06d5b731e1a251b13b811308bd2202",
  "reflex/components/radix/themes/components/icon_button.pyi": "d3e9946649b722705cf51c39fc0372da",
  "reflex/components/radix/themes/components/inset.pyi": "a5e587f67072ae94fde2c06e0bc7240c",
  "reflex/components/radix/themes/components/popover.pyi": "69f9764a3d770e0eef043e11725f0680",
  "reflex/components/radix/themes/components/progress.pyi": "2af3fc574239877cb260d13495d24fcc",
  "reflex/components/radix/themes/components/radio.pyi": "1ed5c1f81eafe89c282eeb6446126c8d",
  "reflex/components/radix/themes/components/radio_cards.pyi": "8dc2f0e01c3ccbcb0137b4d63c651b49",
  "reflex/components/radix/themes/components/radio_group.pyi": "f6fcfbbca875999ca4e40e06930e9409",
  "reflex/components/radix/themes/components/scroll_area.pyi": "7cbfa553778dce45256e9530b0be883b",
  "reflex/components/radix/themes/components/segmented_control.pyi": "c23a595bfc16aaf4d479dfaaa92a3273",
  "reflex/components/radix/themes/components/select.pyi": "3703abe61e53cd619e0ea18da5003c44",
  "reflex/components/radix/themes/components/separator.pyi": "e93e99178867d5846932161a6e8bf760",
  "reflex/components/radix/themes/components/skeleton.pyi": "f3f84004eb63983947393df976428ee3",
  "reflex/components/radix/themes/components/slider.pyi": "e31b84a6bdd286f25a5fa8f4bde95738",
  "reflex/components/radix/themes/components/spinner.pyi": "da0d693bf1b4e72d027a1c871850710e",
  "reflex/components/radix/themes/components/switch.pyi": "23c1105db27eb4dd5a0ba838968506b8",
  "reflex/components/radix/themes/components/table.pyi": "9761a26faa17865949b14e06ae77a7bb",
  "reflex/components/radix/themes/components/tabs.pyi": "9d1b6ca2452381c734b3e65d8e115f74",
  "reflex/components/radix/themes/components/text_area.pyi": "cb1597d4f2a4f1812ba0c1372e808b87",
  "reflex/components/radix/themes/components/text_field.pyi": "ea090c1e929d767b862c9147749c9e2f",
  "reflex/components/radix/themes/components/tooltip.pyi": "2a10da7739f3cf60c60b326a81838492",
  "reflex/components/radix/themes/layout/__init__.pyi": "73eefc509a49215b1797b5b5d28d035e",
  "reflex/components/radix/themes/layout/base.pyi": "fec7f00ba5448f7cada8fa4ae28403da",
  "reflex/components/radix/themes/layout/box.pyi": "95326bca509849128ecde69d653968fe",
  "reflex/components/radix/themes/layout/center.pyi": "b21a1394b46e7142abc933902d925e2b",
  "reflex/components/radix/themes/layout/container.pyi": "2bf9613a0853cde82721cde1a6af94b3",
  "reflex/components/radix/themes/layout/flex.pyi": "e883736ad913b4bce2a59b3578efffdb",
  "reflex/components/radix/themes/layout/grid.pyi": "5c8e605c7eb7cae50a150789d26e8213",
  "reflex/components/radix/themes/layout/list.pyi": "5314cd7c11e55696b4fbe67225f3f55c",
  "reflex/components/radix/themes/layout/section.pyi": "f88c212a5f3ab7880b727a6b4ad6418c",
  "reflex/components/radix/themes/layout/spacer.pyi": "da6f92eb2c7dd2d32aa409fa8f0527cd",
  "reflex/components/radix/themes/layout/stack.pyi": "68e1f6403542fbbaa746ea3e2304acbf",
  "reflex/components/radix/themes/typography/__init__.pyi": "b8ef970530397e9984004961f3aaee62",
  "reflex/components/radix/themes/typography/blockquote.pyi": "a45375020023f67f0085f02d81186101",
  "reflex/components/radix/themes/typography/code.pyi": "91ca62acae8bbfeb9ae812b26ac7f1be",
  "reflex/components/radix/themes/typography/heading.pyi": "7f348dfa49a3b4b51bbb8e7461d0dd50",
  "reflex/components/radix/themes/typography/link.pyi": "f9e94bef5a15d8ee359c5ac32b828619",
  "reflex/components/radix/themes/typography/text.pyi": "2c648e168c7c32fbfe2388a93767b168",
  "reflex/components/react_player/audio.pyi": "1ba0b1c8756676375abd2248f2bf3807",
  "reflex/components/react_player/react_player.pyi": "a9917f411d51cf3f291758c9e01844f2",
  "reflex/components/react_player/video.pyi": "ef4730235b7902fa30859083db8b36a3",
  "reflex/components/react_router/dom.pyi": "b7341095353c7b494252377368419351",
  "reflex/components/recharts/__init__.pyi": "6ee7f1ca2c0912f389ba6f3251a74d99",
  "reflex/components/recharts/cartesian.pyi": "38f884467330e1c6e2e9e435ac4ac754",
  "reflex/components/recharts/charts.pyi": "58415e7aef3d4642494e1b86aea6589c",
  "reflex/components/recharts/general.pyi": "a12735989ef36152b2dab954604953c0",
  "reflex/components/recharts/polar.pyi": "ff9f90861ae950d6db9c1bc160303182",
  "reflex/components/recharts/recharts.pyi": "9ea049621e7775a4253334d5ea5a17b6",
  "reflex/components/sonner/toast.pyi": "e3d63fbb6206bc0f59f8f5df0859f756"
}
